CustomerID,SignupDate,LastPurchaseDate,TenureMonths,MonthlyCharges,ContractType,SupportCalls,Churn
CUST_0000,2020-06-20,2024-07-29,47,71.3,Month-to-month,2,0
CUST_0001,2023-01-03,2025-10-19,12,26.33,One year,0,0
CUST_0002,2021-04-25,2022-03-21,16,57.26,One year,1,0
CUST_0003,2020-11-29,2023-04-18,24,73.81,One year,2,0
CUST_0004,2020-03-02,2020-06-30,19,19.62,One year,0,1
CUST_0005,2020-03-02,2022-11-17,8,61.06,Two year,1,0
CUST_0006,2020-01-22,2021-10-13,31,33.09,One year,2,0
CUST_0007,2022-01-04,2025-02-17,21,96.66,Month-to-month,2,1
CUST_0008,2020-12-01,2021-11-26,17,53.52,Month-to-month,1,0
CUST_0009,2021-03-25,2025-10-30,23,82.54,Month-to-month,1,1
CUST_0010,2020-01-08,2023-10-19,37,59.52,Month-to-month,1,0
CUST_0011,2023-07-02,2027-11-08,54,13.91,Month-to-month,1,0
CUST_0012,2021-10-14,2021-12-13,16,66.98,Month-to-month,1,1
CUST_0013,2020-03-28,2025-01-31,6,95.63,Month-to-month,3,0
CUST_0014,2020-03-14,2024-06-21,8,64.15,Month-to-month,2,1
CUST_0015,2020-03-14,2021-10-05,25,83.73,Two year,4,0
CUST_0016,2020-05-12,2022-10-29,18,89.58,Two year,2,0
CUST_0017,2020-09-28,2021-01-26,25,30.53,Month-to-month,2,1
CUST_0018,2020-07-25,2022-06-15,12,29.08,Two year,2,0
CUST_0019,2020-05-05,2023-07-19,15,64.99,Month-to-month,2,0
CUST_0020,2020-12-11,2025-04-19,59,46.99,Month-to-month,0,0
CUST_0021,2020-02-24,2022-10-11,26,85.59,Month-to-month,1,1
CUST_0022,2020-05-06,2020-12-02,41,91.0,Month-to-month,2,0
CUST_0023,2020-06-15,2022-05-06,45,41.81,One year,1,0
CUST_0024,2020-08-10,2024-08-19,26,31.32,One year,1,1
CUST_0025,2021-07-15,2023-02-05,47,80.25,Month-to-month,1,1
CUST_0026,2020-03-22,2025-01-25,32,34.73,Month-to-month,1,1
CUST_0027,2020-09-20,2021-12-14,10,84.04,Month-to-month,1,0
CUST_0028,2020-11-23,2024-12-02,16,48.14,Month-to-month,0,1
CUST_0029,2020-01-18,2024-03-27,7,70.08,Month-to-month,2,0
CUST_0030,2020-12-07,2021-11-02,17,18.6,Month-to-month,2,0
CUST_0031,2020-03-09,2021-03-04,23,66.15,Two year,2,0
CUST_0032,2020-01-25,2023-09-06,26,50.66,Two year,0,0
CUST_0033,2022-12-21,2026-05-04,21,62.79,Month-to-month,3,0
CUST_0034,2023-05-15,2026-06-28,22,25.12,Two year,1,0
CUST_0035,2021-08-26,2023-08-16,58,76.32,Month-to-month,0,1
CUST_0036,2020-05-12,2024-01-22,7,87.65,Month-to-month,1,1
CUST_0037,2020-02-07,2022-08-25,14,29.51,Month-to-month,1,0
CUST_0038,2021-02-24,2023-01-15,15,18.61,One year,4,1
CUST_0039,2020-07-30,2024-06-09,53,12.13,Two year,1,0
CUST_0040,2020-02-17,2023-11-28,7,67.78,One year,0,0
CUST_0041,2020-09-06,2024-03-19,9,64.64,Month-to-month,2,1
CUST_0042,2020-01-13,2020-09-09,51,59.2,One year,1,0
CUST_0043,2022-05-26,2025-08-08,48,30.88,Month-to-month,1,0
CUST_0044,2020-04-19,2024-04-28,8,45.18,Two year,1,0
CUST_0045,2021-01-31,2022-11-22,50,63.5,Month-to-month,1,0
CUST_0046,2020-05-16,2024-05-25,59,54.71,Month-to-month,1,0
CUST_0047,2020-09-24,2021-09-19,23,98.9,Month-to-month,3,1
CUST_0048,2020-10-15,2025-08-20,29,22.28,One year,1,0
CUST_0049,2020-03-15,2024-12-19,18,72.56,Month-to-month,0,0
CUST_0050,2023-06-28,2026-01-13,31,46.39,One year,0,0
CUST_0051,2021-06-28,2025-07-07,30,48.54,Month-to-month,1,1
CUST_0052,2022-10-20,2023-12-14,52,74.58,One year,3,1
CUST_0053,2022-04-02,2025-02-15,39,72.32,Two year,0,0
CUST_0054,2020-11-28,2024-11-07,35,99.21,Two year,0,0
CUST_0055,2022-07-19,2022-11-16,18,21.56,Month-to-month,2,1
CUST_0056,2020-02-03,2021-10-25,59,19.37,Month-to-month,0,0
CUST_0057,2020-03-20,2021-06-13,42,75.19,Month-to-month,0,0
CUST_0058,2020-01-17,2023-05-01,39,62.05,One year,1,0
CUST_0059,2020-05-23,2021-02-17,17,34.67,Month-to-month,0,1
CUST_0060,2020-06-28,2022-05-19,14,17.15,Month-to-month,1,1
CUST_0061,2020-04-25,2021-09-17,31,17.71,Month-to-month,1,1
CUST_0062,2021-10-06,2025-09-15,24,90.48,Month-to-month,0,0
CUST_0063,2020-06-10,2021-11-02,35,27.27,One year,2,0
CUST_0064,2020-04-30,2020-10-27,44,39.1,Month-to-month,1,0
CUST_0065,2020-10-12,2021-01-10,45,30.4,One year,1,0
CUST_0066,2020-02-25,2022-03-16,34,41.95,Month-to-month,3,0
CUST_0067,2021-08-14,2021-12-12,3,16.25,Month-to-month,0,0
CUST_0068,2020-01-29,2024-12-03,37,56.72,Month-to-month,0,0
CUST_0069,2024-04-30,2028-10-06,43,16.09,Month-to-month,3,1
CUST_0070,2021-06-24,2022-09-17,40,82.03,Month-to-month,1,1
CUST_0071,2020-03-21,2023-01-05,26,31.03,One year,3,0
CUST_0072,2020-01-03,2022-01-22,55,58.6,Month-to-month,2,0
CUST_0073,2021-09-08,2023-01-31,23,89.21,Two year,4,1
CUST_0074,2021-03-23,2023-07-11,44,68.58,Month-to-month,2,0
CUST_0075,2021-04-21,2023-02-10,39,57.97,Month-to-month,4,0
CUST_0076,2021-06-22,2025-09-29,15,39.19,One year,1,1
CUST_0077,2020-01-29,2021-02-22,56,39.97,Month-to-month,1,1
CUST_0078,2020-06-11,2021-08-05,49,70.25,Month-to-month,3,1
CUST_0079,2020-02-14,2024-01-24,4,99.47,Month-to-month,2,0
CUST_0080,2021-12-26,2024-08-12,29,69.57,Month-to-month,0,1
CUST_0081,2020-12-22,2022-12-12,22,60.2,Two year,0,0
CUST_0082,2020-05-26,2022-01-16,25,75.76,Month-to-month,1,0
CUST_0083,2020-01-24,2021-05-18,13,51.87,One year,2,0
CUST_0084,2020-05-15,2022-03-06,18,15.41,Two year,1,1
CUST_0085,2020-05-23,2024-12-28,33,60.61,Month-to-month,3,0
CUST_0086,2021-04-22,2024-10-03,16,96.19,Two year,3,0
CUST_0087,2021-01-05,2022-04-30,45,25.78,Month-to-month,0,0
CUST_0088,2022-03-07,2026-11-11,42,72.1,Two year,0,0
CUST_0089,2020-08-21,2021-09-15,44,28.08,Month-to-month,2,1
CUST_0090,2020-02-16,2022-06-05,2,58.22,One year,4,0
CUST_0091,2021-03-31,2022-10-22,55,18.7,Month-to-month,1,0
CUST_0092,2021-06-06,2023-10-24,35,50.53,Month-to-month,0,0
CUST_0093,2020-10-27,2022-04-20,42,78.05,One year,1,0
CUST_0094,2021-06-21,2025-09-28,34,41.28,One year,1,0
CUST_0095,2020-09-05,2023-10-20,30,69.84,Month-to-month,2,1
CUST_0096,2020-09-26,2025-04-03,59,81.59,Month-to-month,1,0
CUST_0097,2020-07-22,2021-07-17,55,93.45,One year,2,0
CUST_0098,2020-01-10,2021-06-03,13,31.12,One year,0,0
CUST_0099,2020-02-11,2021-12-02,13,45.94,Two year,2,0
CUST_0100,2020-01-12,2023-09-23,18,23.72,One year,4,0
CUST_0101,2021-01-04,2023-08-22,32,99.32,Two year,3,0
CUST_0102,2020-05-17,2023-07-01,32,93.43,One year,0,1
CUST_0103,2020-09-16,2023-11-30,35,58.6,Month-to-month,2,0
CUST_0104,2022-05-19,2023-10-11,59,85.78,Month-to-month,2,0
CUST_0105,2020-04-14,2020-12-10,39,56.89,One year,1,0
CUST_0106,2020-07-11,2023-02-26,46,66.12,One year,0,0
CUST_0107,2021-05-29,2023-12-15,52,18.02,Month-to-month,2,0
CUST_0108,2020-04-04,2024-08-11,29,77.97,Month-to-month,2,1
CUST_0109,2020-01-30,2021-05-24,49,21.49,Two year,0,0
CUST_0110,2020-05-04,2021-10-26,29,84.35,Month-to-month,1,0
CUST_0111,2020-03-05,2022-04-24,53,80.38,Month-to-month,3,0
CUST_0112,2022-08-27,2023-01-24,44,73.79,Month-to-month,2,0
CUST_0113,2021-08-25,2024-06-10,57,13.25,Month-to-month,0,0
CUST_0114,2021-01-01,2025-07-09,16,37.28,Month-to-month,0,1
CUST_0115,2022-01-18,2025-01-02,56,33.68,Month-to-month,2,0
CUST_0116,2021-08-17,2024-05-03,44,42.41,Month-to-month,1,1
CUST_0117,2020-03-16,2021-10-07,47,17.89,One year,1,1
CUST_0118,2022-03-25,2024-03-14,57,94.33,Month-to-month,3,1
CUST_0119,2020-10-09,2021-01-07,10,59.84,Two year,2,0
CUST_0120,2021-08-24,2022-05-21,30,37.5,Two year,0,1
CUST_0121,2022-04-06,2023-01-01,25,45.73,Month-to-month,0,1
CUST_0122,2020-05-19,2022-04-09,39,50.25,One year,2,1
CUST_0123,2020-02-12,2021-10-04,20,64.05,Month-to-month,0,1
CUST_0124,2020-04-04,2021-01-29,5,56.41,Two year,3,0
CUST_0125,2020-07-22,2022-09-10,1,92.75,Month-to-month,1,0
CUST_0126,2021-09-13,2022-12-07,30,54.73,One year,1,0
CUST_0127,2021-12-20,2024-01-09,49,99.29,One year,3,0
CUST_0128,2020-01-03,2022-05-22,3,86.63,Month-to-month,1,0
CUST_0129,2020-09-17,2024-08-27,45,28.77,Month-to-month,0,0
CUST_0130,2020-07-16,2021-10-09,14,93.75,One year,4,0
CUST_0131,2020-04-01,2020-09-28,56,20.47,One year,1,0
CUST_0132,2020-02-16,2021-05-11,30,83.57,Month-to-month,3,1
CUST_0133,2020-05-30,2023-03-16,50,44.26,One year,1,1
CUST_0134,2022-11-11,2027-07-18,4,89.02,Month-to-month,3,1
CUST_0135,2020-05-22,2021-08-15,18,88.13,One year,1,0
CUST_0136,2020-09-23,2023-12-07,37,82.53,Month-to-month,0,1
CUST_0137,2021-03-19,2022-02-12,25,81.1,Two year,1,1
CUST_0138,2020-06-13,2023-03-30,48,37.42,Month-to-month,2,1
CUST_0139,2023-07-26,2027-07-05,1,17.28,Month-to-month,1,0
CUST_0140,2023-04-12,2024-12-02,53,46.27,Month-to-month,0,0
CUST_0141,2020-04-15,2024-04-24,46,25.62,Month-to-month,1,1
CUST_0142,2020-09-07,2024-02-19,15,72.55,Month-to-month,1,0
CUST_0143,2020-05-10,2023-03-26,9,41.15,Month-to-month,2,0
CUST_0144,2020-05-02,2024-03-12,15,97.8,Two year,3,0
CUST_0145,2020-01-14,2021-05-08,49,67.69,Month-to-month,5,1
CUST_0146,2020-12-09,2023-06-27,57,84.02,Month-to-month,3,0
CUST_0147,2020-09-11,2023-12-25,24,21.93,Month-to-month,2,1
CUST_0148,2020-01-20,2020-06-18,4,87.58,Month-to-month,3,0
CUST_0149,2020-04-29,2022-03-20,12,93.05,Month-to-month,2,1
CUST_0150,2022-05-21,2024-07-09,59,53.84,Month-to-month,2,0
CUST_0151,2020-04-09,2021-10-31,58,64.56,Month-to-month,1,0
CUST_0152,2020-02-27,2022-02-16,37,78.83,Month-to-month,1,0
CUST_0153,2020-09-02,2020-10-02,37,25.74,Month-to-month,1,1
CUST_0154,2024-03-29,2024-11-24,43,55.23,Month-to-month,4,0
CUST_0155,2020-04-11,2022-06-30,6,45.88,Month-to-month,3,1
CUST_0156,2021-02-11,2025-05-21,39,23.17,Month-to-month,1,0
CUST_0157,2021-06-07,2024-06-21,56,43.08,Two year,1,0
CUST_0158,2020-04-09,2020-06-08,46,16.14,Month-to-month,3,0
CUST_0159,2021-04-20,2022-11-11,24,12.32,One year,1,0
CUST_0160,2020-06-16,2020-11-13,11,22.16,Month-to-month,1,0
CUST_0161,2020-12-31,2024-02-14,13,96.68,One year,1,0
CUST_0162,2021-01-01,2023-08-19,34,59.46,One year,1,0
CUST_0163,2020-10-07,2025-03-15,25,96.92,Month-to-month,0,1
CUST_0164,2020-02-04,2020-02-04,7,48.92,Two year,3,0
CUST_0165,2021-10-20,2024-10-04,52,38.06,Month-to-month,1,0
CUST_0166,2020-05-21,2020-10-18,4,55.55,Month-to-month,0,0
CUST_0167,2020-03-16,2023-10-27,59,49.56,One year,2,0
CUST_0168,2020-01-16,2022-10-02,8,19.51,Two year,1,0
CUST_0169,2020-11-22,2024-09-02,20,67.67,Month-to-month,2,0
CUST_0170,2021-02-17,2022-04-13,29,29.44,Month-to-month,1,0
CUST_0171,2020-01-07,2023-08-19,54,65.76,Month-to-month,2,0
CUST_0172,2020-09-18,2022-10-08,53,68.52,Month-to-month,0,0
CUST_0173,2020-04-03,2024-11-08,51,23.68,One year,2,0
CUST_0174,2021-01-13,2022-02-07,45,15.52,Month-to-month,1,1
CUST_0175,2020-03-10,2024-11-14,46,80.27,Month-to-month,2,1
CUST_0176,2021-03-04,2025-07-11,10,51.38,Month-to-month,3,0
CUST_0177,2020-06-27,2020-12-24,43,15.23,Month-to-month,1,0
CUST_0178,2022-10-04,2026-06-15,34,99.54,Month-to-month,2,0
CUST_0179,2020-02-23,2024-10-29,57,15.2,One year,1,0
CUST_0180,2020-06-01,2022-11-18,26,72.55,Two year,3,1
CUST_0181,2020-02-13,2022-01-03,41,98.53,Two year,1,0
CUST_0182,2022-08-01,2027-05-07,49,31.53,Month-to-month,1,1
CUST_0183,2022-02-04,2024-07-23,58,22.8,Two year,1,1
CUST_0184,2020-04-18,2022-08-06,3,20.92,One year,1,0
CUST_0185,2021-01-28,2024-06-11,56,37.29,One year,0,1
CUST_0186,2021-09-12,2024-03-30,6,19.09,Month-to-month,1,0
CUST_0187,2020-10-22,2022-02-14,5,72.29,Month-to-month,1,0
CUST_0188,2020-10-02,2021-10-27,5,15.61,Month-to-month,1,0
CUST_0189,2020-04-11,2023-06-25,54,55.85,Month-to-month,1,1
CUST_0190,2020-02-05,2022-12-21,47,99.7,Month-to-month,3,1
CUST_0191,2022-04-10,2026-12-15,23,83.26,Month-to-month,0,1
CUST_0192,2022-04-21,2026-03-01,49,65.37,Month-to-month,1,0
CUST_0193,2020-12-31,2022-11-21,9,37.56,One year,2,0
CUST_0194,2020-05-31,2024-01-11,35,66.15,Month-to-month,0,0
CUST_0195,2020-06-05,2024-10-12,20,57.43,Month-to-month,2,1
CUST_0196,2021-04-17,2023-06-06,58,48.35,Two year,1,0
CUST_0197,2022-04-10,2024-03-30,49,21.76,Two year,3,0
CUST_0198,2022-03-07,2026-12-11,59,89.79,One year,1,1
CUST_0199,2021-07-06,2024-01-22,42,50.48,Two year,4,0
CUST_0200,2021-01-09,2025-03-19,35,27.52,Month-to-month,0,0
CUST_0201,2020-02-02,2021-06-26,50,43.1,Two year,2,1
CUST_0202,2020-03-05,2023-11-15,18,47.27,Month-to-month,1,1
CUST_0203,2022-04-15,2023-09-07,17,84.48,Month-to-month,1,0
CUST_0204,2020-12-06,2023-11-21,24,76.03,Month-to-month,6,1
CUST_0205,2020-01-04,2022-01-23,3,79.24,Month-to-month,2,1
CUST_0206,2020-02-09,2020-10-06,32,10.99,Month-to-month,1,0
CUST_0207,2021-02-01,2025-12-07,35,47.45,One year,2,0
CUST_0208,2020-01-02,2022-10-18,38,53.32,One year,5,0
CUST_0209,2020-03-04,2020-09-30,13,11.73,Month-to-month,1,0
CUST_0210,2020-10-17,2022-05-10,56,33.38,Month-to-month,3,0
CUST_0211,2021-03-05,2025-07-12,47,78.43,Two year,1,1
CUST_0212,2021-01-20,2024-06-03,25,22.34,One year,1,0
CUST_0213,2020-04-02,2021-12-23,9,58.18,Month-to-month,0,0
CUST_0214,2021-03-30,2022-09-21,4,29.37,One year,3,1
CUST_0215,2020-04-08,2022-08-26,14,11.09,Month-to-month,3,0
CUST_0216,2020-05-23,2024-08-30,37,31.71,Month-to-month,2,1
CUST_0217,2021-05-15,2023-08-03,34,97.83,Two year,1,1
CUST_0218,2021-01-17,2023-11-03,11,82.14,Month-to-month,1,1
CUST_0219,2021-11-21,2025-05-04,41,96.36,Month-to-month,2,0
CUST_0220,2021-01-26,2021-11-22,56,53.91,Two year,0,0
CUST_0221,2020-11-02,2023-04-21,3,19.88,One year,0,0
CUST_0222,2020-02-05,2024-01-15,59,59.32,Month-to-month,2,0
CUST_0223,2020-06-16,2024-04-26,28,50.89,Month-to-month,2,1
CUST_0224,2020-04-22,2023-06-06,29,85.99,Month-to-month,2,1
CUST_0225,2020-04-12,2023-02-26,9,18.83,One year,0,1
CUST_0226,2023-08-11,2025-12-28,3,53.94,Month-to-month,0,1
CUST_0227,2020-07-01,2022-04-22,25,23.5,Month-to-month,1,1
CUST_0228,2022-03-23,2023-09-14,34,39.22,Two year,2,0
CUST_0229,2020-12-30,2021-11-25,12,76.36,Month-to-month,0,0
CUST_0230,2021-08-01,2022-09-25,42,52.84,Month-to-month,1,0
CUST_0231,2020-09-11,2023-02-28,9,43.83,Month-to-month,1,1
CUST_0232,2020-11-09,2024-04-22,15,45.5,One year,3,0
CUST_0233,2020-09-04,2023-08-20,40,51.35,Month-to-month,0,1
CUST_0234,2020-03-20,2023-03-05,25,80.65,Month-to-month,0,1
CUST_0235,2021-04-12,2022-06-06,5,90.29,Two year,1,0
CUST_0236,2020-04-30,2022-08-18,11,95.98,Month-to-month,2,0
CUST_0237,2020-01-09,2024-01-18,59,80.82,Month-to-month,1,1
CUST_0238,2021-01-13,2024-06-26,34,38.39,Month-to-month,4,0
CUST_0239,2020-03-12,2022-04-01,24,71.93,Month-to-month,2,1
CUST_0240,2022-10-26,2026-05-08,15,49.38,Month-to-month,0,0
CUST_0241,2023-01-28,2023-02-27,38,32.92,Month-to-month,1,0
CUST_0242,2022-06-18,2024-01-09,8,85.68,Month-to-month,3,0
CUST_0243,2020-06-17,2021-08-11,59,13.46,Month-to-month,2,1
CUST_0244,2020-01-06,2024-03-15,5,91.16,Two year,1,0
CUST_0245,2022-08-19,2022-11-17,48,51.53,Two year,0,0
CUST_0246,2020-07-23,2022-04-14,26,67.35,One year,0,0
CUST_0247,2023-05-26,2027-06-04,18,69.34,Two year,3,0
CUST_0248,2023-04-24,2026-05-08,6,90.56,Month-to-month,3,0
CUST_0249,2021-11-30,2023-09-21,37,67.3,Two year,0,0
CUST_0250,2020-05-07,2025-02-10,48,65.25,Month-to-month,2,0
CUST_0251,2020-06-26,2022-07-16,13,16.0,Two year,0,0
CUST_0252,2021-11-26,2026-01-04,28,56.66,Two year,4,0
CUST_0253,2020-05-19,2021-03-15,5,23.52,One year,0,0
CUST_0254,2020-03-08,2022-05-27,13,76.37,Two year,1,0
CUST_0255,2020-10-24,2025-05-01,17,56.1,Month-to-month,2,1
CUST_0256,2022-10-01,2022-10-31,50,71.22,Month-to-month,0,0
CUST_0257,2021-03-10,2025-12-14,40,13.75,Month-to-month,1,1
CUST_0258,2020-11-04,2021-06-02,45,17.63,Month-to-month,0,0
CUST_0259,2020-02-07,2022-05-27,32,74.47,Month-to-month,3,1
CUST_0260,2020-12-14,2021-10-10,29,16.49,One year,3,0
CUST_0261,2024-08-09,2027-07-25,51,16.41,Two year,1,0
CUST_0262,2020-02-25,2021-07-19,58,11.09,Month-to-month,2,1
CUST_0263,2020-09-23,2025-03-01,3,96.09,One year,0,0
CUST_0264,2022-02-04,2026-02-13,56,76.38,Two year,1,1
CUST_0265,2021-05-07,2022-06-01,40,41.79,Two year,3,1
CUST_0266,2021-03-11,2025-07-18,34,36.69,Two year,3,1
CUST_0267,2021-03-18,2021-12-13,40,41.47,Month-to-month,0,0
CUST_0268,2020-06-11,2023-03-28,27,79.72,Two year,0,0
CUST_0269,2020-05-06,2021-01-01,13,69.52,One year,1,0
CUST_0270,2021-08-27,2024-06-12,45,26.67,Month-to-month,2,0
CUST_0271,2021-08-29,2022-06-25,33,25.67,Month-to-month,0,0
CUST_0272,2022-01-06,2025-07-19,6,18.86,One year,1,0
CUST_0273,2022-06-11,2023-05-07,24,69.43,Month-to-month,2,1
CUST_0274,2020-09-18,2020-11-17,19,78.79,One year,0,0
CUST_0275,2020-09-11,2024-12-19,16,33.85,One year,0,1
CUST_0276,2021-08-07,2024-09-20,40,11.89,Month-to-month,0,1
CUST_0277,2021-01-18,2022-02-12,28,17.4,Month-to-month,2,0
CUST_0278,2021-03-17,2025-09-22,33,97.11,One year,2,0
CUST_0279,2021-08-02,2023-10-21,59,36.59,Month-to-month,2,1
CUST_0280,2022-03-16,2023-01-10,59,79.23,Month-to-month,1,1
CUST_0281,2020-05-30,2023-07-14,48,66.22,Month-to-month,4,0
CUST_0282,2020-06-20,2022-06-10,41,44.37,Month-to-month,2,0
CUST_0283,2020-02-06,2021-09-28,13,28.51,Two year,2,0
CUST_0284,2020-11-11,2021-08-08,43,20.92,Month-to-month,1,0
CUST_0285,2020-01-14,2023-06-27,45,65.35,One year,1,0
CUST_0286,2020-08-16,2021-10-10,25,79.72,Month-to-month,2,0
CUST_0287,2020-10-12,2022-04-05,53,67.95,Month-to-month,2,0
CUST_0288,2020-05-03,2024-03-13,42,57.73,Two year,1,1
CUST_0289,2020-11-22,2022-08-14,36,13.78,One year,2,0
CUST_0290,2020-01-12,2021-09-03,27,97.16,Month-to-month,2,1
CUST_0291,2020-01-14,2024-11-18,38,81.88,Month-to-month,0,1
CUST_0292,2021-09-23,2025-12-01,7,36.35,Month-to-month,1,0
CUST_0293,2020-06-12,2023-12-24,5,98.2,Month-to-month,0,0
CUST_0294,2020-02-19,2022-09-06,43,64.17,One year,3,0
CUST_0295,2020-09-26,2024-10-05,45,62.42,Month-to-month,1,1
CUST_0296,2021-06-20,2023-04-11,58,77.33,Month-to-month,2,0
CUST_0297,2020-03-29,2021-03-24,57,83.06,Month-to-month,2,0
CUST_0298,2020-12-21,2021-04-20,51,69.08,Two year,0,0
CUST_0299,2020-02-02,2020-05-02,31,21.53,Two year,4,1
CUST_0300,2020-01-20,2022-04-09,23,40.44,Month-to-month,2,0
CUST_0301,2020-10-03,2021-10-28,42,93.53,One year,1,0
CUST_0302,2020-10-10,2021-05-08,10,30.22,Month-to-month,0,1
CUST_0303,2021-01-05,2021-09-02,32,43.5,Month-to-month,1,0
CUST_0304,2021-04-17,2025-11-22,43,48.89,One year,1,0
CUST_0305,2023-09-21,2027-10-30,53,49.55,Two year,0,1
CUST_0306,2020-09-22,2023-07-09,30,65.16,Two year,3,1
CUST_0307,2020-05-22,2023-05-07,39,94.88,Month-to-month,2,1
CUST_0308,2021-08-01,2023-03-24,31,31.66,Month-to-month,0,0
CUST_0309,2020-04-25,2024-12-30,18,20.94,One year,2,1
CUST_0310,2020-07-29,2021-12-21,36,27.77,Month-to-month,1,0
CUST_0311,2020-01-30,2022-09-16,2,89.82,Month-to-month,0,0
CUST_0312,2020-01-10,2020-08-07,14,68.12,Month-to-month,2,0
CUST_0313,2023-04-14,2027-05-23,13,35.73,One year,4,1
CUST_0314,2021-10-21,2025-09-30,29,83.44,Month-to-month,3,1
CUST_0315,2021-03-10,2022-07-03,12,87.52,Month-to-month,2,0
CUST_0316,2020-07-10,2023-12-22,39,86.19,Two year,2,0
CUST_0317,2020-03-10,2022-08-27,2,92.7,Month-to-month,1,0
CUST_0318,2020-03-03,2022-11-18,32,32.7,Month-to-month,1,1
CUST_0319,2020-04-15,2020-09-12,13,77.95,Month-to-month,3,1
CUST_0320,2020-10-17,2022-07-09,46,51.45,Month-to-month,2,0
CUST_0321,2021-04-02,2022-04-27,27,85.78,Month-to-month,1,1
CUST_0322,2021-01-28,2021-03-29,49,75.56,Month-to-month,2,0
CUST_0323,2020-04-29,2021-03-25,41,79.88,Two year,2,0
CUST_0324,2023-02-04,2025-12-20,17,69.05,Month-to-month,0,1
CUST_0325,2021-05-03,2022-03-29,40,25.97,Two year,2,0
CUST_0326,2020-10-22,2024-06-03,31,59.05,Month-to-month,0,0
CUST_0327,2020-12-11,2021-01-10,34,98.62,Month-to-month,1,1
CUST_0328,2020-07-17,2020-08-16,24,94.36,Month-to-month,3,0
CUST_0329,2020-04-13,2021-06-07,45,13.89,Month-to-month,4,1
CUST_0330,2020-06-09,2022-03-31,35,24.83,One year,3,0
CUST_0331,2021-06-01,2023-09-19,48,21.86,Month-to-month,1,1
CUST_0332,2020-01-06,2021-04-30,6,75.34,Month-to-month,2,0
CUST_0333,2020-02-15,2022-09-02,19,83.6,Two year,0,0
CUST_0334,2020-01-18,2020-07-16,30,29.22,Two year,3,0
CUST_0335,2020-01-16,2022-06-04,7,55.53,Two year,1,1
CUST_0336,2021-12-06,2024-02-24,10,85.66,Month-to-month,1,0
CUST_0337,2021-03-19,2022-04-13,41,75.95,One year,0,0
CUST_0338,2020-08-22,2024-03-04,32,58.8,Month-to-month,0,0
CUST_0339,2020-02-07,2022-06-26,34,63.13,Month-to-month,1,0
CUST_0340,2020-09-03,2021-12-27,28,55.75,Month-to-month,1,1
CUST_0341,2020-08-22,2023-03-10,15,36.78,Month-to-month,1,1
CUST_0342,2020-03-10,2023-11-20,30,60.85,Month-to-month,1,0
CUST_0343,2020-07-26,2020-12-23,37,72.0,Month-to-month,1,1
CUST_0344,2020-07-04,2024-08-12,29,88.6,Two year,0,0
CUST_0345,2020-12-15,2022-11-05,22,67.27,Month-to-month,3,1
CUST_0346,2021-01-02,2021-06-01,4,78.5,Month-to-month,1,1
CUST_0347,2020-01-17,2022-03-07,20,24.41,Month-to-month,0,0
CUST_0348,2020-06-20,2021-11-12,32,51.54,Two year,0,0
CUST_0349,2020-12-24,2022-11-14,36,10.84,Month-to-month,0,0
CUST_0350,2020-09-12,2023-08-28,50,32.2,Month-to-month,2,1
CUST_0351,2021-12-09,2026-06-16,4,75.38,Two year,3,0
CUST_0352,2021-01-27,2022-12-18,27,99.26,Two year,0,1
CUST_0353,2020-03-05,2023-03-20,17,18.93,Month-to-month,0,0
CUST_0354,2020-01-27,2022-10-13,12,46.13,One year,0,0
CUST_0355,2021-01-10,2024-03-25,22,82.01,One year,1,0
CUST_0356,2020-01-10,2023-10-21,17,28.36,One year,4,0
CUST_0357,2020-11-17,2022-01-11,10,59.96,Month-to-month,1,0
CUST_0358,2022-10-25,2023-08-21,54,75.98,Two year,0,0
CUST_0359,2020-11-08,2022-07-31,1,65.44,Month-to-month,0,0
CUST_0360,2020-06-28,2024-11-04,22,26.92,Month-to-month,2,0
CUST_0361,2021-01-11,2022-12-02,26,41.98,Month-to-month,1,1
CUST_0362,2020-08-11,2020-08-11,56,80.54,Month-to-month,0,1
CUST_0363,2020-10-14,2022-03-08,59,59.88,Month-to-month,1,0
CUST_0364,2022-11-01,2026-05-14,18,10.47,One year,0,1
CUST_0365,2020-06-27,2021-05-23,50,78.49,Month-to-month,3,1
CUST_0366,2023-03-31,2027-11-05,14,13.18,Month-to-month,1,1
CUST_0367,2022-05-10,2025-10-21,47,77.12,Month-to-month,0,0
CUST_0368,2020-03-20,2022-06-08,29,28.22,Month-to-month,0,1
CUST_0369,2020-01-27,2023-04-11,12,96.23,Two year,3,1
CUST_0370,2020-02-08,2024-12-13,36,43.11,Month-to-month,1,1
CUST_0371,2020-01-07,2020-07-05,59,39.42,Month-to-month,1,0
CUST_0372,2020-02-06,2021-11-27,35,23.4,Month-to-month,2,0
CUST_0373,2021-02-23,2022-10-16,52,37.5,Month-to-month,2,0
CUST_0374,2020-01-27,2022-10-13,12,88.9,Month-to-month,1,0
CUST_0375,2020-05-20,2021-03-16,7,99.67,One year,1,0
CUST_0376,2021-11-11,2023-08-03,29,43.15,Two year,2,1
CUST_0377,2020-01-09,2023-05-23,11,50.37,Month-to-month,2,1
CUST_0378,2021-09-06,2024-06-22,33,74.99,One year,2,1
CUST_0379,2020-04-30,2024-07-08,6,89.76,One year,1,1
CUST_0380,2020-02-15,2022-06-04,47,63.37,Two year,2,0
CUST_0381,2021-03-11,2024-07-23,15,45.24,Month-to-month,2,0
CUST_0382,2020-12-27,2023-03-17,32,47.14,Month-to-month,2,0
CUST_0383,2022-02-05,2026-11-11,51,72.61,Month-to-month,0,0
CUST_0384,2021-04-29,2022-09-21,11,10.29,One year,4,0
CUST_0385,2021-08-16,2022-09-10,58,65.76,Two year,2,1
CUST_0386,2020-04-30,2021-09-22,23,41.99,Month-to-month,1,1
CUST_0387,2020-03-12,2022-05-31,26,81.48,Month-to-month,2,0
CUST_0388,2021-05-21,2023-04-11,34,18.37,Two year,2,0
CUST_0389,2021-08-23,2022-03-21,46,62.94,Two year,0,1
CUST_0390,2024-08-26,2028-01-08,34,53.29,Two year,1,0
CUST_0391,2020-07-13,2024-11-19,29,67.81,One year,2,0
CUST_0392,2020-06-18,2024-01-29,4,15.84,Month-to-month,1,0
CUST_0393,2021-06-30,2025-10-07,17,62.2,Month-to-month,3,0
CUST_0394,2020-06-01,2020-12-28,35,60.53,One year,1,0
CUST_0395,2022-09-01,2022-11-30,13,60.46,Month-to-month,1,1
CUST_0396,2021-12-14,2024-02-02,41,64.31,Month-to-month,2,0
CUST_0397,2020-07-23,2023-06-08,39,70.88,One year,0,1
CUST_0398,2021-05-22,2021-09-19,15,82.45,Month-to-month,1,0
CUST_0399,2021-05-27,2024-01-12,55,34.28,One year,1,0
CUST_0400,2020-02-09,2024-01-19,29,84.25,Month-to-month,2,1
CUST_0401,2022-04-29,2025-01-13,29,54.84,Two year,1,0
CUST_0402,2020-09-13,2023-01-31,11,16.94,Month-to-month,2,0
CUST_0403,2021-10-01,2022-04-29,52,15.27,Month-to-month,2,1
CUST_0404,2020-05-20,2023-07-04,32,40.08,One year,0,0
CUST_0405,2022-04-04,2026-01-13,2,80.64,Month-to-month,4,0
CUST_0406,2020-06-28,2022-07-18,47,73.69,One year,3,0
CUST_0407,2020-01-04,2024-08-10,14,80.98,One year,0,1
CUST_0408,2022-05-10,2025-04-24,20,56.55,Month-to-month,1,0
CUST_0409,2020-02-04,2022-10-21,22,49.62,Month-to-month,1,0
CUST_0410,2020-05-20,2020-11-16,11,23.27,Month-to-month,2,1
CUST_0411,2022-12-29,2026-03-13,27,39.54,Month-to-month,1,1
CUST_0412,2023-01-02,2025-03-22,3,49.06,Two year,0,0
CUST_0413,2020-11-06,2023-12-21,17,17.97,Two year,0,1
CUST_0414,2020-12-30,2024-02-13,44,29.86,One year,1,0
CUST_0415,2020-08-05,2022-10-24,56,63.84,One year,1,0
CUST_0416,2020-05-06,2021-05-31,28,76.21,Month-to-month,1,0
CUST_0417,2020-05-25,2024-09-01,29,99.85,Two year,4,1
CUST_0418,2021-02-11,2025-02-20,21,93.98,One year,0,0
CUST_0419,2021-05-24,2024-06-07,47,67.83,One year,3,0
CUST_0420,2021-07-26,2021-10-24,16,47.91,Two year,4,0
CUST_0421,2021-07-22,2024-12-03,37,67.26,Month-to-month,1,0
CUST_0422,2020-02-04,2021-06-28,59,80.71,Two year,1,0
CUST_0423,2020-09-05,2024-03-18,20,20.65,Month-to-month,1,0
CUST_0424,2020-01-22,2023-12-02,6,46.89,Month-to-month,0,0
CUST_0425,2020-10-18,2022-10-08,19,85.58,Month-to-month,3,0
CUST_0426,2020-07-31,2021-01-27,57,44.54,Two year,2,0
CUST_0427,2022-03-09,2025-03-23,5,61.47,Two year,1,0
CUST_0428,2020-06-06,2022-08-25,3,62.9,One year,3,1
CUST_0429,2020-02-15,2020-06-14,59,26.6,One year,4,1
CUST_0430,2020-02-26,2020-04-26,1,42.6,Month-to-month,0,0
CUST_0431,2021-06-07,2024-12-18,58,40.11,Two year,3,0
CUST_0432,2020-12-17,2023-06-05,38,12.36,Month-to-month,1,0
CUST_0433,2020-02-08,2023-11-19,15,12.18,Month-to-month,2,0
CUST_0434,2020-02-02,2023-06-16,34,84.85,Month-to-month,1,1
CUST_0435,2021-03-16,2025-11-20,35,34.58,One year,1,0
CUST_0436,2020-01-28,2021-08-20,49,56.63,One year,3,1
CUST_0437,2021-09-21,2023-03-15,25,36.89,Month-to-month,2,0
CUST_0438,2021-03-23,2025-01-31,24,94.66,Month-to-month,2,0
CUST_0439,2020-01-31,2024-12-05,12,33.34,Two year,0,0
CUST_0440,2020-02-02,2020-11-28,18,48.67,Month-to-month,1,0
CUST_0441,2024-04-24,2027-07-08,15,88.55,One year,1,0
CUST_0442,2020-06-20,2020-08-19,44,85.77,Two year,2,0
CUST_0443,2020-06-18,2022-04-09,16,26.75,Month-to-month,3,1
CUST_0444,2021-09-03,2022-03-02,27,82.24,Month-to-month,3,1
CUST_0445,2022-12-09,2024-09-29,8,51.24,One year,2,0
CUST_0446,2024-04-07,2024-10-04,46,53.47,Two year,0,0
CUST_0447,2021-05-25,2025-02-03,25,22.01,Month-to-month,2,0
CUST_0448,2020-06-21,2023-03-08,17,17.25,Two year,0,0
CUST_0449,2020-02-01,2023-06-15,29,75.51,Month-to-month,2,1
CUST_0450,2021-07-01,2022-12-23,53,54.68,Month-to-month,3,0
CUST_0451,2020-10-25,2025-07-01,8,49.32,One year,1,0
CUST_0452,2020-07-20,2021-03-17,15,75.66,Two year,3,1
CUST_0453,2022-05-14,2026-03-24,27,78.9,Month-to-month,1,1
CUST_0454,2020-02-13,2024-03-23,46,24.3,Two year,0,0
CUST_0455,2020-09-04,2022-01-27,50,64.92,Month-to-month,3,1
CUST_0456,2020-01-05,2023-04-19,52,22.18,Month-to-month,0,1
CUST_0457,2020-08-18,2024-06-28,7,77.62,Month-to-month,2,1
CUST_0458,2020-01-22,2023-09-03,3,69.13,Two year,2,0
CUST_0459,2020-02-16,2023-06-30,29,96.1,Month-to-month,4,0
CUST_0460,2020-02-15,2022-02-04,44,16.21,Month-to-month,3,0
CUST_0461,2021-01-17,2025-03-27,53,15.13,Month-to-month,2,0
CUST_0462,2021-05-15,2022-06-09,24,35.4,Two year,2,0
CUST_0463,2020-11-15,2024-05-28,58,33.55,One year,3,0
CUST_0464,2023-04-10,2025-03-30,3,32.23,One year,2,1
CUST_0465,2020-06-20,2021-12-12,20,91.56,Month-to-month,2,1
CUST_0466,2020-05-02,2023-06-16,46,32.46,One year,0,0
CUST_0467,2022-01-10,2026-06-18,15,34.48,Month-to-month,2,0
CUST_0468,2020-04-02,2021-05-27,25,78.35,Two year,1,0
CUST_0469,2023-04-20,2024-07-13,30,50.48,Two year,2,0
CUST_0470,2020-01-05,2022-02-23,14,79.9,Month-to-month,2,0
CUST_0471,2023-07-02,2026-09-14,7,15.88,One year,2,1
CUST_0472,2020-01-17,2020-10-13,17,53.88,Month-to-month,2,1
CUST_0473,2022-03-20,2022-06-18,44,13.03,Month-to-month,2,1
CUST_0474,2020-09-30,2024-11-08,20,15.64,Month-to-month,2,1
CUST_0475,2024-12-14,2026-06-07,36,91.58,Month-to-month,1,0
CUST_0476,2020-01-28,2022-04-17,9,22.53,Month-to-month,2,1
CUST_0477,2020-10-21,2022-06-13,38,57.92,One year,4,1
CUST_0478,2023-06-25,2028-03-30,48,47.0,Month-to-month,0,0
CUST_0479,2020-09-27,2024-07-08,57,41.26,One year,0,0
CUST_0480,2020-12-28,2022-01-22,22,90.99,Month-to-month,1,1
CUST_0481,2021-03-10,2023-10-26,54,11.96,Month-to-month,0,1
CUST_0482,2020-08-09,2024-06-19,53,69.74,One year,3,0
CUST_0483,2020-12-26,2021-09-22,53,96.71,Month-to-month,0,0
CUST_0484,2020-11-16,2022-05-10,2,60.42,Month-to-month,0,0
CUST_0485,2022-04-24,2024-09-10,24,94.31,One year,3,0
CUST_0486,2020-01-17,2021-10-08,8,14.7,Month-to-month,1,0
CUST_0487,2020-04-30,2020-06-29,11,47.69,Month-to-month,2,0
CUST_0488,2023-01-01,2025-12-16,13,33.41,Month-to-month,0,0
CUST_0489,2022-03-17,2025-06-29,17,75.77,Two year,0,0
CUST_0490,2020-08-09,2022-01-01,8,98.32,One year,2,1
CUST_0491,2020-12-19,2021-10-15,21,33.09,One year,0,0
CUST_0492,2020-04-28,2024-03-08,18,68.88,One year,0,0
CUST_0493,2020-03-17,2020-04-16,30,27.83,Month-to-month,2,1
CUST_0494,2020-08-15,2021-07-11,18,60.88,Month-to-month,2,0
CUST_0495,2020-06-08,2024-10-15,46,51.75,One year,2,1
CUST_0496,2020-11-15,2021-04-14,47,97.48,Month-to-month,3,0
CUST_0497,2020-01-30,2023-07-13,31,64.77,Month-to-month,2,0
CUST_0498,2023-08-30,2028-06-04,38,41.46,Month-to-month,3,0
CUST_0499,2024-04-12,2027-06-26,32,20.27,Month-to-month,2,0
CUST_0500,2021-03-13,2024-09-23,11,23.61,Two year,1,1
CUST_0501,2020-10-07,2023-01-25,45,30.28,Month-to-month,3,0
CUST_0502,2020-05-15,2025-02-18,25,32.59,Month-to-month,1,0
CUST_0503,2021-09-05,2024-01-23,33,86.56,Month-to-month,1,0
CUST_0504,2021-02-25,2021-03-27,38,60.51,Two year,0,0
CUST_0505,2020-03-05,2020-10-31,41,57.11,Month-to-month,1,0
CUST_0506,2022-06-01,2026-03-12,8,20.33,Month-to-month,1,0
CUST_0507,2021-09-23,2021-10-23,11,87.41,One year,3,1
CUST_0508,2022-12-27,2025-04-15,22,75.05,One year,0,0
CUST_0509,2021-04-17,2023-12-03,51,16.09,Month-to-month,1,0
CUST_0510,2020-12-12,2021-09-08,24,73.71,Month-to-month,1,0
CUST_0511,2020-07-16,2023-04-02,41,58.92,Month-to-month,1,1
CUST_0512,2022-09-12,2026-03-25,17,17.36,Month-to-month,1,1
CUST_0513,2022-01-03,2026-06-11,12,51.25,Month-to-month,1,0
CUST_0514,2020-01-17,2020-08-14,57,53.62,Month-to-month,0,0
CUST_0515,2020-01-10,2022-12-25,46,24.92,Month-to-month,1,0
CUST_0516,2020-06-21,2024-10-28,32,95.11,Month-to-month,2,0
CUST_0517,2021-08-30,2026-07-05,15,86.5,One year,2,0
CUST_0518,2024-05-11,2026-12-27,16,70.21,Two year,0,0
CUST_0519,2020-02-29,2023-12-10,54,51.61,One year,1,1
CUST_0520,2020-11-25,2021-04-24,22,47.06,Month-to-month,6,0
CUST_0521,2020-06-24,2024-01-05,28,68.59,Month-to-month,1,1
CUST_0522,2023-07-02,2026-09-14,20,59.09,Two year,1,0
CUST_0523,2021-11-04,2025-06-16,33,15.6,Month-to-month,1,0
CUST_0524,2021-10-27,2023-04-20,10,56.13,Month-to-month,1,0
CUST_0525,2020-08-18,2023-03-06,40,82.58,Month-to-month,1,0
CUST_0526,2020-07-14,2022-09-02,32,51.33,One year,3,0
CUST_0527,2020-04-26,2020-04-26,50,14.68,One year,1,0
CUST_0528,2020-01-22,2023-07-05,33,80.77,Month-to-month,1,1
CUST_0529,2021-12-31,2026-03-10,2,28.12,Month-to-month,0,0
CUST_0530,2021-09-03,2024-04-20,33,33.28,Two year,3,1
CUST_0531,2028-03-01,2031-05-15,33,24.82,Month-to-month,0,0
CUST_0532,2025-09-09,2028-03-27,41,39.72,One year,0,1
CUST_0533,2020-10-22,2021-02-19,13,78.11,One year,2,1
CUST_0534,2021-06-18,2022-10-11,30,56.74,One year,1,0
CUST_0535,2022-11-23,2023-06-21,33,28.44,Month-to-month,3,0
CUST_0536,2021-11-22,2026-06-29,13,89.0,Month-to-month,1,0
CUST_0537,2020-04-13,2023-08-26,52,89.16,Month-to-month,0,1
CUST_0538,2020-08-06,2023-04-23,26,88.35,Two year,5,0
CUST_0539,2020-02-20,2020-10-17,22,31.49,Two year,1,1
CUST_0540,2023-01-29,2027-08-06,39,50.61,Month-to-month,2,0
CUST_0541,2020-12-06,2022-09-27,2,98.65,Month-to-month,2,0
CUST_0542,2020-04-04,2023-01-19,38,79.48,Two year,0,0
CUST_0543,2021-02-10,2025-02-19,39,12.45,One year,0,0
CUST_0544,2020-12-17,2021-06-15,26,15.87,Two year,1,0
CUST_0545,2020-06-10,2021-08-04,46,51.75,Month-to-month,3,0
CUST_0546,2020-02-13,2024-05-22,58,91.83,Month-to-month,1,0
CUST_0547,2021-02-10,2025-06-19,50,58.48,One year,2,0
CUST_0548,2020-09-25,2022-04-18,15,54.8,One year,0,0
CUST_0549,2021-06-24,2025-07-03,34,19.49,Month-to-month,2,1
CUST_0550,2020-09-25,2022-09-15,42,69.11,Month-to-month,0,0
CUST_0551,2021-11-28,2022-01-27,55,83.99,Month-to-month,1,0
CUST_0552,2020-10-20,2025-08-25,44,44.24,Month-to-month,0,1
CUST_0553,2020-10-27,2025-04-04,49,79.81,Month-to-month,1,1
CUST_0554,2022-02-02,2025-10-14,40,96.8,Two year,1,1
CUST_0555,2020-07-07,2022-05-28,11,28.34,Month-to-month,0,0
CUST_0556,2020-02-22,2022-11-08,3,57.1,Two year,1,0
CUST_0557,2020-01-11,2023-09-22,59,35.84,Month-to-month,1,1
CUST_0558,2021-05-28,2023-02-17,6,81.36,One year,1,0
CUST_0559,2020-12-19,2021-10-15,9,61.98,Two year,2,0
CUST_0560,2021-03-20,2025-01-28,6,67.11,Month-to-month,1,0
CUST_0561,2020-03-28,2020-10-24,9,81.81,Month-to-month,3,1
CUST_0562,2020-02-23,2023-04-08,39,45.64,Month-to-month,1,1
CUST_0563,2020-01-06,2023-06-19,31,92.36,Month-to-month,0,0
CUST_0564,2020-06-06,2023-03-23,32,57.97,One year,2,1
CUST_0565,2020-11-21,2024-10-31,41,24.22,Two year,3,1
CUST_0566,2020-06-30,2024-03-11,50,72.63,Month-to-month,2,0
CUST_0567,2020-07-28,2023-08-12,12,81.39,Month-to-month,1,0
CUST_0568,2022-05-05,2022-12-01,8,38.51,Month-to-month,1,1
CUST_0569,2020-06-05,2024-10-12,8,87.15,One year,2,1
CUST_0570,2020-09-20,2023-09-05,50,91.55,Month-to-month,2,1
CUST_0571,2021-07-12,2023-08-31,28,34.92,Month-to-month,2,1
CUST_0572,2020-07-03,2022-09-21,20,98.52,One year,2,0
CUST_0573,2020-12-21,2024-03-05,47,22.66,One year,2,0
CUST_0574,2021-12-24,2024-09-09,59,28.18,Month-to-month,6,0
CUST_0575,2022-12-25,2025-07-12,7,26.58,One year,0,0
CUST_0576,2020-02-28,2021-04-23,11,90.46,Month-to-month,2,0
CUST_0577,2022-08-11,2026-02-21,20,68.89,Month-to-month,2,1
CUST_0578,2020-09-04,2021-12-28,16,23.69,Two year,0,0
CUST_0579,2020-04-19,2022-12-05,4,49.63,One year,2,0
CUST_0580,2020-08-12,2024-05-23,6,65.38,Month-to-month,1,0
CUST_0581,2023-11-29,2027-08-10,58,17.51,Month-to-month,1,1
CUST_0582,2020-09-04,2024-11-12,22,89.42,Month-to-month,4,0
CUST_0583,2020-05-25,2024-10-01,26,82.32,Month-to-month,3,0
CUST_0584,2021-01-01,2022-03-27,3,55.47,Month-to-month,1,0
CUST_0585,2020-04-10,2022-07-29,41,97.04,Month-to-month,0,1
CUST_0586,2020-01-29,2020-09-25,42,47.6,Month-to-month,0,0
CUST_0587,2020-02-20,2022-10-07,14,98.57,One year,0,0
CUST_0588,2020-02-20,2024-12-25,11,70.11,One year,2,0
CUST_0589,2020-03-01,2024-02-09,18,67.12,One year,2,0
CUST_0590,2020-02-24,2022-06-13,54,24.94,Month-to-month,5,1
CUST_0591,2021-01-08,2022-01-03,12,89.37,Two year,1,1
CUST_0592,2020-03-14,2021-11-04,23,48.47,Two year,0,0
CUST_0593,2020-06-03,2025-02-07,12,24.6,Two year,1,0
CUST_0594,2022-04-08,2023-11-29,13,11.13,Two year,2,1
CUST_0595,2020-08-22,2020-12-20,25,60.38,Two year,1,0
CUST_0596,2021-02-05,2021-11-02,45,57.47,Month-to-month,3,0
CUST_0597,2020-03-10,2020-08-07,51,74.74,Month-to-month,2,1
CUST_0598,2020-03-18,2024-09-23,58,90.12,One year,1,0
CUST_0599,2020-01-16,2024-02-24,19,17.15,One year,3,0
CUST_0600,2020-03-08,2024-10-13,55,75.83,One year,0,0
CUST_0601,2020-04-29,2021-04-24,46,26.87,Month-to-month,0,0
CUST_0602,2020-03-12,2020-03-12,36,87.24,Month-to-month,1,0
CUST_0603,2020-02-03,2021-08-26,45,83.72,Month-to-month,4,1
CUST_0604,2020-02-16,2024-09-22,8,58.67,Two year,2,0
CUST_0605,2020-08-13,2024-05-24,29,73.92,Month-to-month,0,1
CUST_0606,2020-03-25,2023-12-05,55,38.29,Month-to-month,1,0
CUST_0607,2020-06-14,2021-01-10,53,52.41,Month-to-month,1,1
CUST_0608,2020-09-12,2021-06-09,55,83.95,Month-to-month,2,0
CUST_0609,2021-03-03,2021-10-29,32,51.33,Two year,3,0
CUST_0610,2020-01-15,2023-12-25,51,42.2,One year,3,0
CUST_0611,2021-08-09,2024-11-21,44,54.48,One year,3,1
CUST_0612,2020-12-26,2021-02-24,18,84.54,Month-to-month,1,0
CUST_0613,2020-02-01,2020-11-27,6,40.17,One year,1,0
CUST_0614,2022-01-24,2022-12-20,18,25.64,Month-to-month,1,0
CUST_0615,2022-07-14,2023-04-10,19,74.08,One year,0,1
CUST_0616,2020-01-24,2022-01-13,22,84.34,Month-to-month,2,0
CUST_0617,2020-04-28,2024-04-07,37,19.06,Month-to-month,1,0
CUST_0618,2021-08-21,2025-07-31,32,31.59,One year,3,1
CUST_0619,2021-05-18,2023-05-08,56,22.78,Two year,2,0
CUST_0620,2020-03-15,2021-01-09,41,41.31,Month-to-month,1,0
CUST_0621,2020-03-26,2024-08-02,59,50.53,Two year,1,0
CUST_0622,2020-06-17,2023-05-03,3,77.39,Month-to-month,2,1
CUST_0623,2020-08-29,2023-10-13,28,68.6,Month-to-month,0,0
CUST_0624,2020-12-17,2025-03-26,10,65.88,Month-to-month,3,0
CUST_0625,2020-06-17,2022-07-07,51,41.71,Month-to-month,1,0
CUST_0626,2020-08-14,2021-09-08,35,85.73,Month-to-month,0,0
CUST_0627,2021-05-17,2024-06-30,29,52.42,Month-to-month,0,0
CUST_0628,2020-01-14,2024-07-21,54,98.12,Month-to-month,1,0
CUST_0629,2020-04-16,2023-06-30,15,67.07,Two year,0,1
CUST_0630,2021-04-01,2021-04-01,33,21.36,Month-to-month,2,0
CUST_0631,2022-04-03,2026-10-09,7,70.86,One year,1,0
CUST_0632,2020-09-18,2025-01-25,12,39.26,Month-to-month,0,1
CUST_0633,2020-10-04,2021-01-02,49,71.77,One year,0,1
CUST_0634,2020-02-11,2022-06-30,30,16.27,Month-to-month,1,0
CUST_0635,2020-08-04,2021-06-30,21,25.74,Month-to-month,0,0
CUST_0636,2020-10-04,2025-04-11,31,87.02,Month-to-month,2,0
CUST_0637,2020-04-11,2023-01-26,58,30.45,Month-to-month,1,0
CUST_0638,2020-04-24,2021-04-19,24,85.33,Month-to-month,2,1
CUST_0639,2020-06-21,2024-08-29,20,35.13,One year,1,0
CUST_0640,2020-01-08,2022-06-26,37,67.86,Two year,0,0
CUST_0641,2020-05-21,2023-06-05,4,72.47,Two year,1,0
CUST_0642,2020-03-27,2023-09-08,28,56.14,One year,6,1
CUST_0643,2020-05-24,2022-03-15,44,37.48,Month-to-month,2,0
CUST_0644,2020-02-16,2020-05-16,20,29.14,Month-to-month,1,1
CUST_0645,2022-03-18,2026-05-26,24,12.99,Month-to-month,2,0
CUST_0646,2020-11-24,2022-02-17,50,37.36,Month-to-month,3,0
CUST_0647,2021-02-18,2021-08-17,49,68.78,Month-to-month,1,0
CUST_0648,2021-07-22,2023-04-13,51,94.45,Month-to-month,3,1
CUST_0649,2020-09-08,2022-12-27,32,88.41,Month-to-month,0,0
CUST_0650,2020-02-03,2020-11-29,41,78.95,Month-to-month,2,0
CUST_0651,2020-10-08,2025-04-15,36,80.96,Two year,0,0
CUST_0652,2020-11-18,2023-07-06,58,69.85,One year,3,0
CUST_0653,2021-05-14,2026-01-18,53,33.43,Month-to-month,2,0
CUST_0654,2020-07-25,2022-11-12,34,91.65,Two year,4,0
CUST_0655,2020-02-19,2024-11-24,36,70.37,Two year,1,0
CUST_0656,2020-05-01,2023-06-15,2,60.44,Month-to-month,3,0
CUST_0657,2020-06-13,2021-05-09,15,19.99,Month-to-month,0,1
CUST_0658,2021-01-13,2021-07-12,34,50.23,Month-to-month,2,0
CUST_0659,2020-11-04,2025-08-10,36,51.43,Two year,1,0
CUST_0660,2020-06-09,2024-11-15,6,87.81,Two year,1,1
CUST_0661,2024-04-20,2027-06-04,39,59.2,Month-to-month,0,0
CUST_0662,2020-12-05,2024-04-18,42,44.24,Month-to-month,1,0
CUST_0663,2020-04-08,2024-02-17,51,97.91,Month-to-month,0,0
CUST_0664,2020-02-09,2022-02-28,51,19.96,Month-to-month,0,0
CUST_0665,2020-03-01,2023-05-15,58,48.03,Month-to-month,2,1
CUST_0666,2020-04-13,2020-12-09,54,13.78,Two year,0,0
CUST_0667,2020-03-04,2023-06-17,12,76.59,One year,0,1
CUST_0668,2020-03-16,2022-12-01,3,92.63,Two year,3,0
CUST_0669,2020-05-02,2023-12-13,45,35.2,Two year,2,1
CUST_0670,2020-03-10,2021-03-05,18,87.25,One year,1,1
CUST_0671,2022-04-08,2026-09-14,40,36.3,Month-to-month,4,0
CUST_0672,2020-01-31,2024-07-08,21,91.97,One year,2,0
CUST_0673,2020-09-28,2023-08-14,15,77.86,Month-to-month,3,0
CUST_0674,2020-07-11,2022-07-01,33,82.44,One year,2,0
CUST_0675,2024-01-14,2025-12-04,35,11.62,Month-to-month,1,1
CUST_0676,2020-02-13,2023-08-26,26,96.65,One year,2,1
CUST_0677,2020-07-04,2021-10-27,8,75.4,Month-to-month,3,0
CUST_0678,2023-06-27,2023-07-27,36,37.43,Month-to-month,2,1
CUST_0679,2022-01-02,2022-12-28,48,84.65,Month-to-month,1,0
CUST_0680,2021-09-12,2024-02-29,30,35.34,Month-to-month,2,0
CUST_0681,2020-04-18,2022-08-06,23,88.55,One year,2,0
CUST_0682,2020-03-09,2024-03-18,42,20.13,One year,1,0
CUST_0683,2021-02-07,2023-04-28,44,73.33,Month-to-month,1,0
CUST_0684,2022-08-25,2027-06-30,14,58.66,Month-to-month,0,0
CUST_0685,2020-10-23,2022-12-12,14,18.69,Month-to-month,1,1
CUST_0686,2020-11-05,2021-12-30,2,31.77,Month-to-month,0,1
CUST_0687,2020-04-29,2022-10-16,55,11.12,Month-to-month,2,1
CUST_0688,2021-06-19,2024-09-01,37,52.19,Two year,2,0
CUST_0689,2020-03-16,2021-05-10,5,37.11,Month-to-month,2,0
CUST_0690,2020-05-22,2023-01-07,38,63.85,Month-to-month,0,0
CUST_0691,2020-07-21,2022-02-11,45,36.75,Month-to-month,2,1
CUST_0692,2020-09-15,2024-01-28,41,36.99,Month-to-month,2,0
CUST_0693,2020-04-11,2021-03-07,54,76.89,Month-to-month,3,0
CUST_0694,2020-02-14,2023-01-29,47,14.33,One year,3,1
CUST_0695,2020-12-10,2021-08-07,14,91.26,Month-to-month,3,0
CUST_0696,2020-05-04,2022-02-23,56,86.7,Month-to-month,2,1
CUST_0697,2020-11-13,2021-06-11,39,70.1,Month-to-month,2,0
CUST_0698,2020-03-02,2022-09-18,25,63.39,Month-to-month,0,1
CUST_0699,2020-08-27,2024-07-07,20,90.31,Month-to-month,2,0
CUST_0700,2020-10-04,2021-10-29,2,26.68,Two year,2,0
CUST_0701,2020-01-20,2022-03-10,39,17.11,One year,2,0
CUST_0702,2020-05-29,2022-05-19,6,31.56,Month-to-month,0,0
CUST_0703,2020-02-22,2021-02-16,17,81.51,Month-to-month,0,0
CUST_0704,2020-01-24,2024-07-01,59,13.12,Month-to-month,2,0
CUST_0705,2024-08-06,2026-03-29,25,62.45,Month-to-month,1,0
CUST_0706,2020-05-22,2024-01-02,57,99.59,One year,2,1
CUST_0707,2021-08-28,2024-02-14,28,87.01,One year,2,0
CUST_0708,2020-04-17,2023-04-02,2,56.93,Month-to-month,4,1
CUST_0709,2021-02-21,2025-01-01,35,15.73,Month-to-month,0,1
CUST_0710,2021-06-05,2026-02-09,37,84.82,Month-to-month,1,0
CUST_0711,2020-11-26,2024-05-09,5,63.91,Two year,0,0
CUST_0712,2020-08-20,2024-12-27,1,20.34,One year,0,1
CUST_0713,2020-07-12,2020-11-09,40,18.45,Month-to-month,0,0
CUST_0714,2020-06-05,2021-05-31,12,91.87,Month-to-month,1,0
CUST_0715,2022-08-26,2024-11-13,56,70.23,One year,2,0
CUST_0716,2021-10-10,2025-03-23,36,84.64,Month-to-month,0,1
CUST_0717,2023-05-08,2025-04-27,45,89.11,Month-to-month,1,0
CUST_0718,2020-02-18,2024-03-28,23,61.46,Month-to-month,3,1
CUST_0719,2021-04-24,2024-02-08,47,56.57,One year,1,0
CUST_0720,2022-10-13,2026-07-24,31,48.74,Month-to-month,3,1
CUST_0721,2020-03-13,2023-04-27,11,38.53,Month-to-month,3,1
CUST_0722,2020-01-26,2020-07-24,10,49.11,Two year,2,0
CUST_0723,2021-05-08,2024-05-22,3,79.65,Month-to-month,1,0
CUST_0724,2020-11-07,2023-05-26,54,64.17,Month-to-month,1,1
CUST_0725,2021-11-04,2022-01-03,14,90.33,Month-to-month,1,1
CUST_0726,2020-02-24,2023-10-06,16,49.9,Month-to-month,1,0
CUST_0727,2021-08-01,2024-09-14,10,64.64,One year,0,1
CUST_0728,2020-03-23,2023-03-08,29,66.82,Month-to-month,2,0
CUST_0729,2020-03-06,2024-08-12,10,63.25,Month-to-month,1,1
CUST_0730,2020-03-06,2024-03-15,12,73.24,Month-to-month,3,1
CUST_0731,2021-09-07,2023-05-30,30,31.37,One year,2,0
CUST_0732,2021-02-03,2021-09-01,41,56.11,One year,2,0
CUST_0733,2020-09-27,2022-01-20,1,19.38,Month-to-month,0,0
CUST_0734,2020-06-11,2024-08-19,5,44.61,Month-to-month,2,1
CUST_0735,2022-02-04,2024-03-25,20,53.89,One year,1,0
CUST_0736,2020-06-30,2023-02-15,8,68.7,Month-to-month,3,0
CUST_0737,2021-09-11,2025-05-23,43,95.55,Two year,2,1
CUST_0738,2020-07-30,2021-11-22,12,64.06,Two year,0,0
CUST_0739,2020-06-21,2023-11-03,1,76.92,Two year,4,0
CUST_0740,2020-08-14,2021-07-10,57,55.56,Month-to-month,2,1
CUST_0741,2020-05-10,2024-03-20,54,67.07,Month-to-month,3,1
CUST_0742,2021-05-17,2025-01-26,20,16.38,One year,0,0
CUST_0743,2020-09-11,2022-10-31,28,32.9,Month-to-month,1,0
CUST_0744,2020-04-06,2024-02-15,57,42.57,Month-to-month,2,0
CUST_0745,2022-04-18,2022-11-14,43,52.52,Two year,2,1
CUST_0746,2020-06-25,2022-04-16,37,14.11,Two year,1,1
CUST_0747,2020-10-13,2025-08-18,47,22.6,Month-to-month,1,0
CUST_0748,2022-05-14,2025-09-25,37,34.91,Month-to-month,1,1
CUST_0749,2020-12-23,2024-12-02,12,97.44,Month-to-month,2,0
CUST_0750,2020-02-15,2024-11-20,37,39.82,Two year,3,0
CUST_0751,2022-10-22,2025-02-08,49,53.38,Two year,3,1
CUST_0752,2020-12-26,2025-01-04,49,27.65,Month-to-month,1,0
CUST_0753,2020-05-28,2021-12-19,56,64.97,Month-to-month,1,0
CUST_0754,2020-02-24,2021-05-19,44,35.26,Two year,1,0
CUST_0755,2021-07-30,2022-11-22,56,28.63,Month-to-month,3,1
CUST_0756,2020-12-19,2022-03-14,28,56.49,Month-to-month,3,1
CUST_0757,2020-10-05,2022-03-29,47,10.5,Two year,2,0
CUST_0758,2022-03-29,2026-10-04,15,10.69,Month-to-month,1,1
CUST_0759,2021-07-21,2026-01-26,6,29.72,One year,0,0
CUST_0760,2020-03-01,2020-09-27,44,13.3,Month-to-month,1,1
CUST_0761,2020-05-16,2023-05-31,59,19.72,Month-to-month,1,0
CUST_0762,2020-04-14,2023-04-29,20,40.5,Two year,1,0
CUST_0763,2021-05-12,2025-08-19,50,82.23,Month-to-month,2,0
CUST_0764,2020-01-13,2022-05-02,14,61.48,Two year,3,1
CUST_0765,2020-11-03,2024-02-16,2,56.14,Month-to-month,3,0
CUST_0766,2021-06-08,2024-04-23,9,36.41,Month-to-month,1,1
CUST_0767,2022-02-03,2024-02-23,37,93.86,Month-to-month,2,0
CUST_0768,2020-06-01,2022-11-18,20,45.73,Month-to-month,1,1
CUST_0769,2021-09-20,2025-04-02,26,17.84,Month-to-month,2,0
CUST_0770,2020-02-12,2024-12-17,29,65.54,Month-to-month,0,0
CUST_0771,2021-11-14,2022-10-10,1,20.25,Month-to-month,1,1
CUST_0772,2020-02-19,2024-07-27,55,41.07,Month-to-month,0,0
CUST_0773,2020-07-03,2021-10-26,35,55.67,One year,1,1
CUST_0774,2021-08-05,2022-09-29,6,88.68,One year,1,0
CUST_0775,2020-02-29,2020-10-26,37,54.42,One year,1,0
CUST_0776,2020-04-05,2023-05-20,53,73.2,Month-to-month,0,1
CUST_0777,2021-04-12,2024-08-24,59,99.35,Month-to-month,2,0
CUST_0778,2021-04-09,2025-02-17,5,21.83,One year,1,1
CUST_0779,2021-01-09,2021-12-05,33,34.73,Month-to-month,3,0
CUST_0780,2021-03-08,2023-09-24,49,45.51,Month-to-month,0,1
CUST_0781,2020-10-12,2022-10-02,51,47.96,Two year,1,0
CUST_0782,2020-04-15,2023-05-30,14,46.99,One year,4,0
CUST_0783,2020-06-03,2021-10-26,12,91.68,Month-to-month,1,0
CUST_0784,2020-03-14,2021-05-08,42,74.26,Month-to-month,0,1
CUST_0785,2022-05-22,2024-12-07,20,64.71,One year,1,0
CUST_0786,2020-11-15,2021-04-14,53,37.84,Month-to-month,1,0
CUST_0787,2020-07-05,2025-03-11,50,84.14,One year,2,0
CUST_0788,2020-08-14,2024-02-25,24,95.96,One year,2,1
CUST_0789,2022-12-10,2026-05-23,59,83.91,Two year,3,1
CUST_0790,2020-03-01,2024-05-09,43,10.14,Month-to-month,3,1
CUST_0791,2020-11-18,2023-09-04,34,67.28,Month-to-month,2,0
CUST_0792,2020-09-14,2023-06-01,25,14.6,One year,1,1
CUST_0793,2020-12-11,2023-12-26,50,33.18,One year,3,0
CUST_0794,2020-01-07,2024-07-14,29,15.36,One year,1,1
CUST_0795,2022-01-20,2026-05-29,57,64.34,Month-to-month,1,0
CUST_0796,2022-09-08,2027-04-15,39,71.79,Month-to-month,1,0
CUST_0797,2020-10-30,2021-02-27,31,20.3,Two year,1,0
CUST_0798,2021-03-11,2022-08-03,56,44.55,One year,1,0
CUST_0799,2022-07-22,2023-10-15,47,51.06,Two year,0,1
CUST_0800,2021-03-24,2021-10-20,43,43.21,One year,3,1
CUST_0801,2020-03-01,2022-02-19,50,20.89,Month-to-month,3,1
CUST_0802,2020-11-09,2023-05-28,23,47.71,One year,3,0
CUST_0803,2020-12-06,2022-12-26,44,77.61,Two year,2,0
CUST_0804,2020-07-20,2024-09-27,38,16.39,Month-to-month,1,0
CUST_0805,2021-05-01,2023-01-21,20,17.22,One year,1,0
CUST_0806,2022-09-21,2025-03-09,23,41.93,Month-to-month,1,0
CUST_0807,2022-08-06,2026-01-17,45,94.76,Month-to-month,2,0
CUST_0808,2020-08-06,2021-05-03,52,70.17,One year,0,0
CUST_0809,2020-02-13,2024-08-20,16,71.08,Month-to-month,0,1
CUST_0810,2024-03-09,2028-10-14,50,42.57,Month-to-month,2,0
CUST_0811,2021-10-28,2022-09-23,42,63.43,Month-to-month,0,0
CUST_0812,2020-02-18,2024-05-27,55,10.91,Month-to-month,4,0
CUST_0813,2022-07-14,2024-10-01,8,67.25,Month-to-month,0,0
CUST_0814,2022-01-14,2022-06-13,50,92.2,Month-to-month,0,1
CUST_0815,2020-09-24,2025-06-30,21,65.13,Two year,1,1
CUST_0816,2020-11-22,2022-06-15,1,88.63,Month-to-month,1,0
CUST_0817,2020-07-04,2020-11-01,55,75.16,Month-to-month,4,0
CUST_0818,2020-01-21,2021-11-11,8,20.85,Month-to-month,1,1
CUST_0819,2020-05-29,2021-01-24,29,91.22,One year,1,0
CUST_0820,2021-08-15,2026-04-21,32,15.98,Month-to-month,2,0
CUST_0821,2020-01-02,2024-10-07,38,58.06,Two year,1,0
CUST_0822,2020-05-28,2022-09-15,5,22.79,One year,5,1
CUST_0823,2020-07-04,2021-09-27,47,11.05,One year,3,0
CUST_0824,2020-10-08,2025-02-14,22,47.98,Month-to-month,4,0
CUST_0825,2022-07-10,2026-03-21,47,36.55,One year,2,0
CUST_0826,2020-06-04,2022-02-24,34,53.74,Month-to-month,1,0
CUST_0827,2020-06-04,2020-12-31,1,61.95,Two year,1,0
CUST_0828,2021-05-03,2026-02-06,55,13.94,One year,2,0
CUST_0829,2020-08-07,2022-02-28,55,21.07,Month-to-month,1,0
CUST_0830,2020-04-02,2024-05-11,26,60.28,Month-to-month,2,0
CUST_0831,2020-08-07,2021-09-01,43,40.89,Month-to-month,2,0
CUST_0832,2020-02-25,2023-04-10,10,75.63,One year,1,1
CUST_0833,2020-03-11,2023-02-24,30,68.71,Month-to-month,1,0
CUST_0834,2020-09-08,2024-09-17,50,86.1,Month-to-month,1,0
CUST_0835,2020-07-17,2023-04-03,18,72.32,Month-to-month,3,0
CUST_0836,2022-06-18,2023-04-14,17,48.69,One year,1,1
CUST_0837,2020-06-13,2024-10-20,26,70.57,Two year,2,0
CUST_0838,2020-11-13,2024-01-27,8,34.78,One year,3,1
CUST_0839,2020-12-31,2023-08-18,47,37.57,One year,1,1
CUST_0840,2020-01-05,2022-06-23,40,81.01,Month-to-month,0,0
CUST_0841,2021-02-01,2025-11-07,49,50.18,Month-to-month,3,0
CUST_0842,2020-03-12,2024-07-19,12,81.85,One year,2,0
CUST_0843,2023-03-30,2026-10-10,27,84.02,Month-to-month,1,1
CUST_0844,2020-02-28,2022-11-14,8,87.18,Month-to-month,2,0
CUST_0845,2020-07-14,2024-07-23,25,92.5,Month-to-month,0,1
CUST_0846,2020-02-02,2020-07-31,46,48.79,Month-to-month,0,0
CUST_0847,2025-10-06,2030-06-12,4,38.7,Month-to-month,0,0
CUST_0848,2020-09-11,2024-08-21,33,62.4,Two year,2,0
CUST_0849,2020-11-26,2025-04-04,1,43.41,Month-to-month,0,1
CUST_0850,2020-01-26,2021-11-16,19,64.1,Month-to-month,2,1
CUST_0851,2021-05-20,2025-01-29,31,73.5,Month-to-month,1,0
CUST_0852,2020-03-26,2024-10-01,16,71.96,One year,1,1
CUST_0853,2022-04-13,2022-10-10,14,43.71,Month-to-month,3,0
CUST_0854,2020-03-24,2024-07-31,53,25.02,Two year,1,0
CUST_0855,2020-03-18,2022-03-08,48,48.75,Two year,1,1
CUST_0856,2020-01-14,2020-03-14,5,22.83,Month-to-month,0,0
CUST_0857,2020-08-21,2025-05-27,41,90.11,Two year,4,0
CUST_0858,2020-10-30,2023-11-14,26,41.13,Two year,0,1
CUST_0859,2020-01-25,2021-08-17,28,23.9,Two year,4,1
CUST_0860,2021-06-29,2024-03-15,2,12.29,Two year,1,1
CUST_0861,2020-08-08,2024-07-18,50,68.12,Month-to-month,2,0
CUST_0862,2020-09-28,2024-04-10,6,67.32,Month-to-month,1,0
CUST_0863,2020-07-31,2024-02-11,9,40.65,Month-to-month,1,1
CUST_0864,2020-07-05,2022-11-22,33,16.45,Month-to-month,1,1
CUST_0865,2020-10-26,2022-02-18,41,46.87,Two year,1,0
CUST_0866,2020-03-02,2024-12-06,25,38.01,Month-to-month,1,0
CUST_0867,2020-03-14,2020-12-09,48,70.94,One year,1,0
CUST_0868,2021-12-23,2024-10-08,13,64.52,Two year,0,0
CUST_0869,2022-12-02,2024-06-24,9,42.81,Two year,3,1
CUST_0870,2020-06-19,2021-11-11,53,29.61,Two year,1,0
CUST_0871,2020-04-25,2023-12-06,13,98.92,Month-to-month,0,0
CUST_0872,2021-01-11,2024-07-24,31,50.86,Month-to-month,3,1
CUST_0873,2020-07-10,2022-08-29,41,71.94,Month-to-month,1,0
CUST_0874,2020-01-10,2024-10-15,11,22.65,Month-to-month,2,0
CUST_0875,2020-03-02,2024-12-06,4,53.7,Month-to-month,1,0
CUST_0876,2021-04-04,2025-03-14,34,12.48,Month-to-month,2,1
CUST_0877,2021-01-27,2023-12-13,38,55.49,One year,1,0
CUST_0878,2020-01-11,2021-11-01,46,96.76,Month-to-month,2,0
CUST_0879,2020-04-01,2022-10-18,4,44.58,Month-to-month,4,0
CUST_0880,2020-04-05,2020-12-31,38,13.51,One year,0,0
CUST_0881,2021-02-10,2021-12-07,19,12.79,Month-to-month,1,1
CUST_0882,2020-01-08,2023-01-22,6,44.92,Month-to-month,0,1
CUST_0883,2020-02-10,2020-07-09,34,24.4,One year,0,0
CUST_0884,2021-08-10,2026-05-16,18,12.1,One year,2,1
CUST_0885,2020-03-12,2023-06-25,13,78.06,One year,0,0
CUST_0886,2021-01-21,2024-11-01,41,51.27,Month-to-month,1,0
CUST_0887,2020-04-09,2022-12-25,23,36.03,Two year,0,0
CUST_0888,2020-02-08,2022-12-24,19,91.01,One year,0,0
CUST_0889,2020-04-11,2023-03-27,45,20.45,Month-to-month,3,0
CUST_0890,2021-04-12,2022-08-05,11,96.03,One year,3,1
CUST_0891,2021-12-07,2025-02-19,1,38.26,Two year,1,0
CUST_0892,2021-10-09,2024-12-22,24,89.96,Month-to-month,3,0
CUST_0893,2020-07-03,2024-11-09,54,64.26,Month-to-month,1,0
CUST_0894,2021-02-06,2022-01-02,7,84.4,Two year,5,1
CUST_0895,2020-03-24,2021-11-14,25,98.56,One year,1,0
CUST_0896,2020-05-06,2023-07-20,21,35.96,Month-to-month,3,1
CUST_0897,2022-04-07,2023-09-29,15,96.5,One year,1,1
CUST_0898,2020-01-05,2020-03-05,1,45.05,Month-to-month,2,1
CUST_0899,2020-02-02,2021-06-26,12,44.7,Month-to-month,1,0
CUST_0900,2020-03-26,2024-07-03,58,40.63,Month-to-month,2,1
CUST_0901,2020-01-10,2024-02-18,7,58.73,Two year,0,1
CUST_0902,2020-03-14,2021-09-05,15,23.87,Two year,2,1
CUST_0903,2020-11-15,2024-08-26,21,59.83,Month-to-month,1,1
CUST_0904,2020-07-18,2020-12-15,19,58.75,Month-to-month,1,0
CUST_0905,2022-03-25,2023-06-18,29,78.57,Month-to-month,2,1
CUST_0906,2021-09-12,2022-04-10,25,85.03,Two year,1,1
CUST_0907,2020-06-01,2024-04-11,33,49.64,Two year,2,0
CUST_0908,2020-04-19,2021-09-11,49,37.21,One year,0,0
CUST_0909,2020-06-23,2024-08-31,32,33.34,Two year,0,0
CUST_0910,2020-11-21,2024-10-01,49,27.52,One year,2,0
CUST_0911,2020-04-23,2023-10-05,35,15.19,Month-to-month,1,1
CUST_0912,2020-12-23,2024-02-06,44,40.82,Month-to-month,1,0
CUST_0913,2020-07-11,2024-06-20,38,34.32,Month-to-month,4,1
CUST_0914,2020-10-20,2024-09-29,26,96.98,One year,2,0
CUST_0915,2020-07-28,2021-06-23,11,60.19,One year,1,0
CUST_0916,2020-05-07,2023-12-18,35,41.25,Month-to-month,1,1
CUST_0917,2022-12-18,2023-09-14,8,62.24,Two year,1,0
CUST_0918,2021-06-10,2021-12-07,46,22.53,Month-to-month,2,0
CUST_0919,2020-02-25,2023-11-06,14,49.96,Month-to-month,1,0
CUST_0920,2022-01-10,2026-06-18,10,66.36,One year,3,0
CUST_0921,2020-08-31,2020-08-31,2,54.0,One year,0,0
CUST_0922,2022-04-01,2026-03-11,46,46.16,One year,0,1
CUST_0923,2021-08-10,2024-06-25,9,99.45,Month-to-month,4,1
CUST_0924,2020-07-21,2022-03-13,3,89.23,Month-to-month,2,0
CUST_0925,2020-01-09,2022-12-24,21,66.11,One year,2,0
CUST_0926,2020-04-24,2024-07-02,26,61.24,Month-to-month,1,0
CUST_0927,2020-10-11,2022-09-01,8,65.86,Month-to-month,3,0
CUST_0928,2021-01-01,2025-06-09,48,28.12,One year,3,0
CUST_0929,2020-04-18,2022-04-08,2,45.56,Month-to-month,2,0
CUST_0930,2020-02-24,2020-08-22,6,13.55,One year,0,0
CUST_0931,2021-10-19,2025-03-02,28,52.8,Two year,0,0
CUST_0932,2024-02-27,2025-06-21,53,58.87,Month-to-month,0,0
CUST_0933,2020-09-29,2023-01-17,29,30.5,Month-to-month,1,1
CUST_0934,2020-03-09,2022-07-27,26,96.76,One year,0,0
CUST_0935,2020-04-26,2020-10-23,25,91.85,One year,2,1
CUST_0936,2020-01-07,2022-08-24,12,74.99,One year,0,0
CUST_0937,2022-06-15,2022-12-12,5,58.0,Two year,4,0
CUST_0938,2020-02-15,2024-10-21,34,88.3,Two year,0,0
CUST_0939,2020-11-09,2022-09-30,48,21.76,Two year,0,0
CUST_0940,2020-04-26,2021-02-20,37,81.15,Month-to-month,0,0
CUST_0941,2020-10-21,2021-06-18,15,21.23,Month-to-month,2,1
CUST_0942,2021-01-19,2021-12-15,44,81.48,Month-to-month,0,0
CUST_0943,2021-10-08,2024-07-24,36,34.82,Month-to-month,2,0
CUST_0944,2020-03-25,2020-06-23,15,88.94,Month-to-month,1,1
CUST_0945,2020-01-05,2022-11-20,43,94.96,Month-to-month,2,1
CUST_0946,2020-02-23,2022-05-13,48,23.39,Two year,1,0
CUST_0947,2022-04-20,2026-11-25,23,51.64,Month-to-month,2,0
CUST_0948,2022-01-25,2023-01-20,6,98.29,Month-to-month,3,0
CUST_0949,2020-11-28,2022-09-19,46,53.51,Month-to-month,0,0
CUST_0950,2020-11-30,2022-05-24,50,87.72,Month-to-month,3,0
CUST_0951,2021-02-03,2024-06-17,44,62.99,Month-to-month,3,0
CUST_0952,2020-03-11,2023-02-24,59,43.78,Month-to-month,2,0
CUST_0953,2022-06-16,2025-07-30,43,35.72,Month-to-month,1,0
CUST_0954,2020-07-17,2022-06-07,45,28.29,One year,1,1
CUST_0955,2020-06-25,2021-09-18,21,78.56,Two year,3,0
CUST_0956,2020-09-24,2023-05-12,23,44.79,Two year,2,0
CUST_0957,2020-01-18,2020-12-13,43,56.01,One year,1,0
CUST_0958,2020-03-07,2022-11-22,55,54.31,Month-to-month,2,0
CUST_0959,2021-05-03,2021-10-30,16,61.96,Two year,0,1
CUST_0960,2020-02-01,2020-11-27,47,87.9,Two year,0,1
CUST_0961,2020-12-03,2023-05-22,53,98.27,Month-to-month,3,0
CUST_0962,2020-04-12,2022-07-31,15,46.68,One year,1,1
CUST_0963,2020-06-28,2021-06-23,25,84.48,Month-to-month,2,0
CUST_0964,2020-05-04,2022-10-21,36,78.81,Two year,1,0
CUST_0965,2020-06-09,2020-07-09,11,61.62,Two year,1,0
CUST_0966,2021-04-08,2024-05-22,51,96.04,Month-to-month,1,1
CUST_0967,2020-05-08,2021-07-02,15,28.04,Two year,4,1
CUST_0968,2020-11-01,2025-06-08,4,19.83,One year,0,0
CUST_0969,2020-08-23,2021-06-19,21,86.86,Two year,1,0
CUST_0970,2021-02-01,2023-10-19,13,49.52,Month-to-month,3,0
CUST_0971,2022-10-05,2025-11-18,22,86.23,Two year,0,0
CUST_0972,2021-04-26,2021-07-25,19,90.38,Month-to-month,1,0
CUST_0973,2020-03-29,2021-01-23,34,15.62,Month-to-month,1,0
CUST_0974,2020-01-12,2022-05-01,14,89.51,Month-to-month,0,0
CUST_0975,2020-04-21,2020-05-21,4,50.35,Two year,3,0
CUST_0976,2020-11-25,2022-02-18,48,55.94,Two year,0,1
CUST_0977,2020-01-20,2023-03-05,53,66.39,Two year,2,1
CUST_0978,2020-09-07,2021-09-02,52,93.37,Two year,0,0
CUST_0979,2020-11-27,2023-11-12,46,11.72,Month-to-month,2,0
CUST_0980,2020-05-28,2021-09-20,27,52.92,Month-to-month,1,1
CUST_0981,2021-06-21,2023-02-11,29,71.89,Month-to-month,3,1
CUST_0982,2020-02-11,2023-08-24,47,75.04,Month-to-month,3,0
CUST_0983,2020-01-29,2024-12-03,28,72.33,Month-to-month,2,1
CUST_0984,2021-04-20,2022-10-12,35,22.1,Month-to-month,3,0
CUST_0985,2020-09-06,2021-03-05,8,36.95,Month-to-month,2,0
CUST_0986,2021-03-01,2024-03-15,16,42.28,Month-to-month,1,0
CUST_0987,2020-07-27,2021-02-22,42,82.4,Month-to-month,0,0
CUST_0988,2020-04-13,2021-04-08,36,35.09,Month-to-month,2,0
CUST_0989,2021-09-16,2024-08-31,30,28.96,Two year,0,0
CUST_0990,2021-08-09,2021-09-08,18,96.17,One year,1,0
CUST_0991,2021-03-09,2024-06-21,2,10.8,Two year,0,0
CUST_0992,2020-04-25,2021-02-19,49,99.8,Month-to-month,0,0
CUST_0993,2020-11-21,2022-10-12,13,70.91,Month-to-month,4,1
CUST_0994,2020-06-12,2020-11-09,4,84.56,One year,2,1
CUST_0995,2020-02-05,2022-02-24,26,36.52,Month-to-month,0,1
CUST_0996,2022-06-28,2022-12-25,25,11.29,Month-to-month,3,1
CUST_0997,2020-02-23,2024-09-29,30,76.41,Month-to-month,0,0
CUST_0998,2022-12-31,2026-02-13,11,85.07,Month-to-month,1,0
CUST_0999,2020-08-03,2022-01-25,7,76.64,Month-to-month,2,0
